text,category
thanh toan van phong pham thien long aeon mall,Hoc_tap
playstation store chi nhanh q1,Giai_tri
receipt cellphones online,Mua_sam
an khang online,Suc_khoe
receipt pizza hut thang 6,An_uong
phi klook ve tham quan chi nhanh q1,Du_lich
phi homestay da lat vincom,Du_lich
don hang petmart thu cung chi nhanh q1,Thu_cung
don hang agoda hotel app,Du_lich
bill routine skincare shop thang 5,Mua_sam
order bhd star cineplex quan 3,Giai_tri
hoa don zalopay giao dich chi nhanh q1,Khac
receipt hoc tieng nhat jlpt quan 7,Hoc_tap
mua vinpearl land ve vui choi giao hang,Giai_tri
order yody vincom,Mua_sam
order moonton mobile legends chi nhanh q1,Giai_tri
don hang phi chuyen khoan ngan hang thang 6,Khac
hoa don khach san thu cung thang 5,Thu_cung
order ghtk phi van chuyen thu duc,Khac
bill routine skincare shop thu duc,Mua_sam
phi tien li xi qua tang sinh nhat giao hang,Khac
bill phong kham columbia asia binh thanh,Suc_khoe
mua familymart banh mi binh thanh,An_uong
receipt vinpearl land ve vui choi app,Giai_tri
phi petshop sai gon online,Thu_cung
order pacific airlines vincom,Di_lai
thanh toan hasaki beauty aeon mall,Lam_dep
don hang bamboo airways thu duc,Di_lai
whiskas thuc an meo quan 3,Thu_cung
thanh toan benh vien 115 tp hcm,Suc_khoe
ve su kien le hoi dat truoc,Giai_tri
vac xin cho meo thang 5,Thu_cung
order do choi thu cung app,Thu_cung
mua beta cinemas app,Giai_tri
receipt pedigree thuc an cho ha noi,Thu_cung
order spa ohana quan 7,Lam_dep
phi phe la,An_uong
thanh toan mixue ice cream online,An_uong
don hang buu dien ems thang 5,Khac
order phong kham pet care thang 6,Thu_cung
thanh toan cgv cinema,Giai_tri
thanh toan tocotoco online,An_uong
don hang tiem phong thu y dinh ky giao hang,Thu_cung
che khuc bach thang 6,An_uong
hoa don ohui my pham ha noi,Lam_dep
don hang buu dien ems aeon mall,Khac
don hang haidilao hotpot online,An_uong
tour da lat 3 ngay tp hcm,Du_lich
order lop hoc boi ha noi,Hoc_tap
don hang com tam thuan kieu online,An_uong
phi nha khoa paris thang 5,Suc_khoe
j t express quan 3,Khac
phi vinpearl land ve vui choi thang 6,Giai_tri
receipt agoda hotel app,Du_lich
receipt nha khoa westcoast tp hcm,Suc_khoe
mua j t express quan 3,Khac
order grabexpress binh thanh,Di_lai
hoa don pet boarding dich vu chi nhanh q1,Thu_cung
mua buu dien ems online,Khac
bill spa thu gian thang 5,Lam_dep
order ve metro so 1 tphcm thang 6,Di_lai
phi gong cha thang 5,An_uong
mua lotte cinema giao hang,Giai_tri
phi giat hap quan ao aeon mall,Gia_dinh
don hang owen thoi trang nam dat truoc,Mua_sam
phi vinmart tap hoa aeon mall,Gia_dinh
phi an khang online,Suc_khoe
hoa don karaoke queen online,Giai_tri
don hang mat kinh 365 giao hang,Suc_khoe
bill vinmart tap hoa online,Gia_dinh
receipt com tam thuan kieu quan 7,An_uong
hoa don bowling crescent mall app,Giai_tri
bac si thu y tp hcm,Thu_cung
mua in an photocopy tai lieu binh thanh,Khac
receipt phi quan ly chung cu vincom,Gia_dinh
don hang nha thuoc long chau vincom,Suc_khoe
receipt banh mi huynh hoa online,An_uong
bill cuoc viettel thang aeon mall,Gia_dinh
mua fpt shop app,Mua_sam
mua beauty spa 5 sao ha noi,Lam_dep
mua trung tam anh ngu apollo thu duc,Hoc_tap
thanh toan guardian my pham tp hcm,Lam_dep
phi sephora vietnam thang 5,Lam_dep
hoa don mac cosmetics quan 7,Lam_dep
phi decathlon the thao dat truoc,Mua_sam
don hang the gioi di dong thang 5,Mua_sam
order hoc vo taekwondo judo vincom,Hoc_tap
mua bibo mart me be thang 5,Gia_dinh
receipt beta cinemas dat truoc,Giai_tri
mua nha thuoc long chau chi nhanh q1,Suc_khoe
receipt noi that dohome chi nhanh q1,Gia_dinh
bill canifa thoi trang aeon mall,Mua_sam
phi vinpearl land ve vui choi giao hang,Giai_tri
aeon quan 7,Gia_dinh
mua tiki tp hcm,Mua_sam
mua noi that dohome thang 5,Gia_dinh
phi moonton mobile legends vincom,Giai_tri
hoa don lazada dat truoc,Mua_sam
thanh toan petshop sai gon vincom,Thu_cung
bill suoi tien ve tham quan giao hang,Giai_tri
hoa don sephora vietnam giao hang,Lam_dep
hoa don an khang thang 5,Suc_khoe
mua netflix subscription dat truoc,Giai_tri
bill hair salon cao cap chi nhanh q1,Lam_dep
nha sach fahasa quan 3,Hoc_tap
hoa don dich vu dua don san bay vincom,Di_lai
phi winmart thang 5,Gia_dinh
the gym group thu duc,Suc_khoe
phi an khang thu duc,Suc_khoe
order sua xe yamaha quan 7,Di_lai
nike vietnam,Mua_sam
don hang hoc ve my thuat online,Hoc_tap
don hang taxi xanh sm thu duc,Di_lai
bill an khang,Suc_khoe
bill cat toc barber king binh thanh,Lam_dep
bill royal canin thuc an cho meo vincom,Thu_cung
hoa don j t express online,Khac
phi facial cham soc da thu duc,Lam_dep
tour phu quoc 4n3d thang 5,Du_lich
hoa don taxi xanh sm aeon mall,Di_lai
thanh toan bigc hang gia dinh thang 6,Gia_dinh
don hang villa phu quoc bien binh thanh,Du_lich
gia su toan ly hoa chi nhanh q1,Hoc_tap
phi cat toc barber king aeon mall,Lam_dep
homestay da lat chi nhanh q1,Du_lich
hoa don ve may bay khu hoi,Du_lich
order ve vinpearl safari phu quoc chi nhanh q1,Du_lich
bill hoc vo taekwondo judo vincom,Hoc_tap
bill ve xe khach phuong trang binh thanh,Di_lai
receipt cellphones quan 7,Mua_sam
hoa don vietravel tour tron goi aeon mall,Du_lich
phi phong tap the hinh quan 3,Suc_khoe
receipt owen thoi trang nam giao hang,Mua_sam
mua thue o to tu lai quan 3,Du_lich
bill coursera subscription aeon mall,Hoc_tap
hoa don petmart thu cung giao hang,Thu_cung
hoa don ve may bay khu hoi thang 6,Du_lich
phi in an photocopy tai lieu quan 7,Khac
thanh toan mediamart ha noi,Gia_dinh
bill xe om cong nghe online,Di_lai
thanh toan spa tam cho meo app,Thu_cung
bill hoc vo taekwondo judo thu duc,Hoc_tap
ve concert am nhac aeon mall,Giai_tri
phi shopee giao hang,Mua_sam
mua grabexpress online,Di_lai
mua disney plus quan 3,Giai_tri
mua cat toc nam tiem chi nhanh q1,Khac
receipt khach san thu cung app,Thu_cung
hoa don benh vien cho ray ha noi,Suc_khoe
bill phong kham da khoa quan 3,Suc_khoe
mua nail luxury giao hang,Lam_dep
phi cat toc barber king online,Lam_dep
mat kinh 365 chi nhanh q1,Suc_khoe
don hang petcity quan 3,Thu_cung
receipt tien li xi qua tang sinh nhat quan 7,Khac
order udemy khoa hoc online vincom,Hoc_tap
phi beta cinemas tp hcm,Giai_tri
receipt mat kinh 365 chi nhanh q1,Suc_khoe
phi galaxy cinema thang 5,Giai_tri
phi klook ve tham quan quan 7,Du_lich
mua vitamin tong hop chi nhanh q1,Suc_khoe
mua tien dien evn,Gia_dinh
phi owen thoi trang nam thang 5,Mua_sam
order gia su toan ly hoa,Hoc_tap
phi nha khoa westcoast giao hang,Suc_khoe
hair salon toni guy vincom,Lam_dep
don hang sua xe yamaha tp hcm,Di_lai
order vac xin cho meo app,Thu_cung
ve vinpearl safari phu quoc,Du_lich
ding tea,An_uong
spa thu gian chi nhanh q1,Lam_dep
gas petrovietnam,Gia_dinh
hoa don booking com hotel app,Du_lich
order suoi tien ve tham quan thang 6,Giai_tri
hoa don mixue ice cream chi nhanh q1,An_uong
don hang grab 2 banh thang 5,Di_lai
toan tu duy mathnasium binh thanh,Hoc_tap
mua whiskas thuc an meo vincom,Thu_cung
don hang bai giu xe thang quan 7,Di_lai
hoa don bamboo airways giao hang,Di_lai
don hang saigontourist thu duc,Du_lich
order homestay da lat quan 7,Du_lich
receipt trung tam anh ngu apollo ha noi,Hoc_tap
bill guardian my pham thang 6,Lam_dep
hoa don burger king app,An_uong
phi grabbike ha noi,Di_lai
hoa don hoc phi mam non aeon mall,Hoc_tap
hoa don vietravel tour tron goi giao hang,Du_lich
order vnpay thanh toan giao hang,Khac
bill cellphones,Mua_sam
phi hoc vo taekwondo judo giao hang,Hoc_tap
thanh toan tiem phong thu y dinh ky binh thanh,Thu_cung
don hang sach giao khoa dau nam thang 6,Hoc_tap
thanh toan vnpay thanh toan thang 5,Khac
hoa don ve su kien le hoi ha noi,Giai_tri
bill chuyen tien momo tp hcm,Khac
hoa don tien li xi qua tang sinh nhat tp hcm,Khac
order do choi tre em kidzone giao hang,Gia_dinh
mua canifa thoi trang aeon mall,Mua_sam
don hang trung tam ngoai ngu,Hoc_tap
phi spa tam cho meo vincom,Thu_cung
thanh toan aeon giao hang,Gia_dinh
don hang ve tau hoa se1 aeon mall,Di_lai
thanh toan spa tam cho meo vincom,Thu_cung
receipt dich vu giat say thu duc,Khac
hoa don cat toc nam tiem thu duc,Khac
mua thue o to tu lai aeon mall,Du_lich
receipt resort vinpearl chi nhanh q1,Du_lich
3ce makeup thang 5,Lam_dep
phi phong kham columbia asia dat truoc,Suc_khoe
mua ninja van tp hcm,Khac
thanh toan chuyen tien momo thang 6,Khac
bill grabfood dat do an online,An_uong
thanh toan villa phu quoc bien dat truoc,Du_lich
thanh toan traveloka dat phong vincom,Du_lich
phi tiki tp hcm,Mua_sam
phi toeic edufit ha noi,Hoc_tap
thanh toan tiem phong safpo binh thanh,Suc_khoe
hoa don trung tam ngoai ngu quan 3,Hoc_tap
order ninja van aeon mall,Khac
phi decathlon the thao thang 5,Mua_sam
bill cheese coffee,An_uong
vac xin cho meo online,Thu_cung
hoa don bibo mart me be quan 7,Gia_dinh
mua new balance quan 3,Mua_sam
bill be car giao hang,Di_lai
phi the coffee house aeon mall,An_uong
bill uon nhuom toc tai tiem aeon mall,Lam_dep
don hang kfc ha noi,An_uong
thanh toan gas petrovietnam quan 3,Gia_dinh
phi phong kham medlatec thang 5,Suc_khoe
mua tho sua dien nuoc thang 5,Gia_dinh
receipt steam mua game aeon mall,Giai_tri
receipt phi quan ly chung cu aeon mall,Gia_dinh
mua vinmart tap hoa ha noi,Gia_dinh
don hang thue o to tu lai thu duc,Du_lich
manwah thang 5,An_uong
cat toc barber king tp hcm,Lam_dep
mua phong tap the hinh ha noi,Suc_khoe
hoa don pet boarding dich vu quan 7,Thu_cung
phi nha khoa westcoast aeon mall,Suc_khoe
mua ielts fighter ha noi,Hoc_tap
phi nha khoa paris thang 6,Suc_khoe
hoa don nintendo switch game giao hang,Giai_tri
phi disney plus dat truoc,Giai_tri
hoa don zara dat truoc,Mua_sam
mua in an photocopy tai lieu aeon mall,Khac
bill tho sua dien nuoc quan 7,Gia_dinh
phi pho 24 app,An_uong
thanh toan bao duong xe honda tp hcm,Di_lai
the alley thu duc,An_uong
mua hoc phi tieu hoc thcs thu duc,Hoc_tap
receipt phong kham medlatec chi nhanh q1,Suc_khoe
bill tho sua dien nuoc ha noi,Gia_dinh
mua routine skincare binh thanh,Lam_dep
phi the men vincom,Mua_sam
hoa don vietjet air quan 7,Di_lai
don hang beta cinemas chi nhanh q1,Giai_tri
order pharmacity dat truoc,Suc_khoe
bill tour hoi an da nang aeon mall,Du_lich
hair salon cao cap quan 3,Lam_dep
receipt gym fit24 thang 6,Suc_khoe
thanh toan nail salon quan 1 vincom,Lam_dep
order phi ngan hang atm binh thanh,Khac
receipt nguyen kim thu duc,Gia_dinh
thanh toan thue xe may du lich thang 6,Du_lich
receipt billiard club snooker online,Giai_tri
thanh toan quan com binh dan thang 6,An_uong
tiem nail ruby giao hang,Lam_dep
phi phong kham columbia asia ha noi,Suc_khoe
order muji tp hcm,Mua_sam
receipt routine skincare shop,Mua_sam
mua tocotoco quan 7,An_uong
thanh toan internet fpt telecom dat truoc,Gia_dinh
mua moonton mobile legends aeon mall,Giai_tri
bill the gym group giao hang,Suc_khoe
mua phong kham da khoa thang 5,Suc_khoe
receipt hoc tieng nhat jlpt ha noi,Hoc_tap
receipt j t express ha noi,Khac
zalopay giao dich tp hcm,Khac
hoa don nha khoa paris quan 7,Suc_khoe
thanh toan mediamart aeon mall,Gia_dinh
phi vietravel tour tron goi dat truoc,Du_lich
don hang shopeefood giao hang online,An_uong
hoa don tho sua dien nuoc aeon mall,Gia_dinh
receipt burger king quan 7,An_uong
receipt gia su toan ly hoa binh thanh,Hoc_tap
mua winmart chi nhanh q1,Gia_dinh
phi vietravel tour tron goi,Du_lich
order vincom plaza aeon mall,Mua_sam
mua katinat saigon binh thanh,An_uong
mua pizza hut quan 3,An_uong
hoa don ve gui xe may giao hang,Di_lai
receipt tien nuoc sawaco dat truoc,Gia_dinh
phi ve cap treo ba na hills tp hcm,Du_lich
mua mixue ice cream thang 5,An_uong
order charles keith tp hcm,Mua_sam
thanh toan gong cha thang 5,An_uong
hoa don trung nguyen legend online,An_uong
don hang con cung so sinh binh thanh,Gia_dinh
hoa don board game cafe,Giai_tri
bill bao duong xe honda giao hang,Di_lai
bill sendo ha noi,Mua_sam
highlands coffee online,An_uong
phi petmart thu cung app,Thu_cung
order whiskas thuc an meo ha noi,Thu_cung
mua giat hap quan ao thang 6,Gia_dinh
don hang cat ve sinh meo bioline quan 3,Thu_cung
mua vac xin cho meo giao hang,Thu_cung
bill phong kham pet care quan 7,Thu_cung
receipt guardian my pham,Lam_dep
don hang viettel post ship hang quan 3,Khac
mua dich vu khoa tho sua thang 6,Khac
receipt chuyen tien momo quan 3,Khac
pet boarding dich vu chi nhanh q1,Thu_cung
don hang steam mua game thang 5,Giai_tri
bill resort vinpearl ha noi,Du_lich
pedro shoes aeon mall,Mua_sam
order taxi vinasun,Di_lai
thanh toan pedigree thuc an cho online,Thu_cung
order sieu am thai hong phat quan 7,Suc_khoe
order billiard club snooker thang 6,Giai_tri
bill trung tam ngoai ngu dat truoc,Hoc_tap
thanh toan xang bp thang 5,Di_lai
vac xin cho meo ha noi,Thu_cung
mua tien nuoc sawaco app,Gia_dinh
bill royal canin thuc an cho meo thang 6,Thu_cung
bill bigc hang gia dinh chi nhanh q1,Gia_dinh
order wax long triet lau dai thu duc,Lam_dep
hoa don phong khach san 4 sao quan 3,Du_lich
hoa don du lich ha long vinh giao hang,Du_lich
order bigc hang gia dinh thang 6,Gia_dinh
receipt grabbike online,Di_lai
don hang tien li xi qua tang sinh nhat dat truoc,Khac
thanh toan hair salon toni guy online,Lam_dep
receipt tien dien evn vincom,Gia_dinh
phi california fitness yoga aeon mall,Suc_khoe
cat tia long thu cung thang 5,Thu_cung
phi phi chuyen khoan ngan hang online,Khac
phi hoc phi tieu hoc thcs binh thanh,Hoc_tap
bill ve tau hoa se1 binh thanh,Di_lai
mua cat toc nam tiem binh thanh,Khac
receipt tour hoi an da nang app,Du_lich
bill watsons beauty ha noi,Lam_dep
cheese coffee quan 7,An_uong
bill toeic edufit giao hang,Hoc_tap
don hang lotte cinema ha noi,Giai_tri
thanh toan guardian my pham ha noi,Lam_dep
mua nha thuoc long chau ha noi,Suc_khoe
don hang noi that dohome,Gia_dinh
receipt kids plaza tp hcm,Gia_dinh
nintendo switch game ha noi,Giai_tri
don hang bac si thu y chi nhanh q1,Thu_cung
hoa don ielts fighter dat truoc,Hoc_tap
don hang petcity quan 7,Thu_cung
don hang xang bp dat truoc,Di_lai
order xe om cong nghe dat truoc,Di_lai
bill hoc dan piano guitar thang 5,Hoc_tap
bill vac xin cho meo ha noi,Thu_cung
mua grabfood dat do an aeon mall,An_uong
mua saigontourist aeon mall,Du_lich
receipt tour da lat 3 ngay thang 5,Du_lich
hoa don booking com hotel chi nhanh q1,Du_lich
don hang fpt shop tp hcm,Mua_sam
don hang booking com hotel vincom,Du_lich
receipt wax long triet lau dai quan 7,Lam_dep
hoa don hair salon toni guy aeon mall,Lam_dep
order gas petrovietnam thang 6,Gia_dinh
thanh toan charles keith quan 3,Mua_sam
phi spotify premium tp hcm,Giai_tri
receipt phong kham thu y thang 6,Thu_cung
bill ve may bay khu hoi aeon mall,Du_lich
phi phong kham pet care,Thu_cung
receipt oi bubble tea quan 3,An_uong
hoa don vng nap xu game ha noi,Giai_tri
mua hoc phi ila aeon mall,Hoc_tap
phi xang petec aeon mall,Di_lai
thanh toan shopee chi nhanh q1,Mua_sam
thanh toan dich vu dua don san bay aeon mall,Di_lai
don hang lotteria chi nhanh q1,An_uong
phi the face shop app,Lam_dep
order phong kham pet care chi nhanh q1,Thu_cung
bill khach san muong thanh thu duc,Du_lich
receipt apple music aeon mall,Giai_tri
don hang sieu thi co opmart thang 6,Gia_dinh
mua udemy khoa hoc online tp hcm,Hoc_tap
bill lotte cinema quan 3,Giai_tri
bill hoc phi ila vincom,Hoc_tap
hoa don the bao hiem bao viet online,Suc_khoe
phi khach san muong thanh thu duc,Du_lich
bill british council ielts aeon mall,Hoc_tap
receipt quan com binh dan vincom,An_uong
receipt nha cao mong meo vincom,Thu_cung
lazada dat truoc,Mua_sam
thanh toan xet nghiem mau diag,Suc_khoe
mua rut tien atm online,Khac
thanh toan petshop sai gon thang 6,Thu_cung
bill beauty spa 5 sao quan 7,Lam_dep
receipt cuoc viettel thang chi nhanh q1,Gia_dinh
hoa don pet boarding dich vu binh thanh,Thu_cung
hoa don coursera subscription,Hoc_tap
nguyen kim online,Gia_dinh
don hang shopee aeon mall,Mua_sam
hoa don the face shop aeon mall,Lam_dep
thanh toan beauty spa 5 sao thang 5,Lam_dep
thanh toan tho sua dien nuoc thang 6,Gia_dinh
order zalopay giao dich quan 7,Khac
hasaki beauty app,Lam_dep
phi toan tu duy mathnasium binh thanh,Hoc_tap
thanh toan hoc dan piano guitar vincom,Hoc_tap
mua j t express app,Khac
phi phu kien vong co cho meo thu duc,Thu_cung
phi internet fpt telecom app,Gia_dinh
receipt do choi thu cung online,Thu_cung
mua starbucks reserve dat truoc,An_uong
mua gia su toan ly hoa thang 6,Hoc_tap
phuc tea,An_uong
nintendo switch game tp hcm,Giai_tri
hoa don california fitness yoga ha noi,Suc_khoe
receipt dcine online,Giai_tri
uon nhuom toc tai tiem quan 3,Lam_dep
bill charles keith quan 3,Mua_sam
thuc pham chuc nang dhc,Suc_khoe
mua petshop sai gon thu duc,Thu_cung
uniqlo thu duc,Mua_sam
mua pedigree thuc an cho,Thu_cung
mua thay dau nhot castrol thu duc,Di_lai
thanh toan homestay da lat thang 6,Du_lich
receipt dich vu ve sinh nha tp hcm,Gia_dinh
receipt giat hap quan ao dat truoc,Gia_dinh
order garena nap the giao hang,Giai_tri
mua board game cafe thang 5,Giai_tri
don hang be bike,Di_lai
receipt new balance,Mua_sam
bill board game cafe thu duc,Giai_tri
hoa don bac si thu y app,Thu_cung
hoa don spotify premium thang 5,Giai_tri
chuyen tien momo quan 7,Khac
phi com tam thuan kieu app,An_uong
mua hair salon toni guy,Lam_dep
bill xet nghiem mau diag quan 7,Suc_khoe
hoa don hoc ve my thuat thu duc,Hoc_tap
hoa don saigontourist giao hang,Du_lich
receipt airbnb dat phong quan 7,Du_lich
phi adidas chi nhanh q1,Mua_sam
bill vinmart tap hoa chi nhanh q1,Gia_dinh
hoa don va lop xe may chi nhanh q1,Di_lai
highlands coffee chi nhanh q1,An_uong
mua in an photocopy tai lieu,Khac
don hang xang bp thang 5,Di_lai
phi 3ce makeup dat truoc,Lam_dep
order pedro shoes thang 5,Mua_sam
phi tiem nail ruby online,Lam_dep
hoa don petshop sai gon quan 7,Thu_cung
mua chuyen tien momo ha noi,Khac
bill pedigree thuc an cho ha noi,Thu_cung
moonton mobile legends thu duc,Giai_tri
phi shopee quan 3,Mua_sam
receipt com tam thuan kieu quan 3,An_uong
dich vu giat say app,Khac
hoa don shopee vincom,Mua_sam
thue xe tu lai mioto binh thanh,Di_lai
don hang resort vinpearl chi nhanh q1,Du_lich
mua nha thuoc long chau binh thanh,Suc_khoe
thanh toan dich vu ve sinh nha vincom,Gia_dinh
hoa don ve may bay khu hoi ha noi,Du_lich
hoa don che khuc bach thang 6,An_uong
hoa don routine skincare shop online,Mua_sam
thanh toan bhd star cineplex,Giai_tri
bill jollibee quan 3,An_uong
hoa don wax long triet lau dai vincom,Lam_dep
bill pharmacity quan 3,Suc_khoe
dich vu khoa tho sua binh thanh,Khac
bill ve su kien le hoi dat truoc,Giai_tri
order benh vien 115 quan 7,Suc_khoe
mua vng nap xu game giao hang,Giai_tri
phi pedro shoes dat truoc,Mua_sam
nha hang hai san sai gon quan 3,An_uong
don hang routine skincare binh thanh,Lam_dep
bill thue xe tu lai mioto chi nhanh q1,Di_lai
sieu am thai hong phat app,Suc_khoe
chuyen tien momo dat truoc,Khac
receipt klook ve tham quan quan 7,Du_lich
receipt nail salon quan 1 app,Lam_dep
receipt catsrang meo con,Thu_cung
mua dich vu khoa tho sua quan 3,Khac
hoa don phi ngan hang atm aeon mall,Khac
mua tien nuoc sawaco quan 3,Gia_dinh
receipt nha khoa nu cuoi tp hcm,Suc_khoe
order ghtk phi van chuyen vincom,Khac
don hang cat toc nam tiem binh thanh,Khac
bill skillshare quan 7,Hoc_tap
receipt zara thu duc,Mua_sam
mua tiem vaccine vnvc quan 7,Suc_khoe
hoa don nha hang hai san sai gon chi nhanh q1,An_uong
hoa don dich vu ve sinh nha binh thanh,Gia_dinh
bill hair salon toni guy dat truoc,Lam_dep
phi nha khoa nu cuoi thu duc,Suc_khoe
order gia su toan ly hoa dat truoc,Hoc_tap
receipt nike vietnam giao hang,Mua_sam
mua h m thang 5,Mua_sam
order yody ha noi,Mua_sam
don hang benh vien 115 ha noi,Suc_khoe
phi phun xam tham my binh thanh,Lam_dep
phi mediamart online,Gia_dinh
bill xoi ga nguyen trai giao hang,An_uong
hoa don wax long triet lau dai thang 6,Lam_dep
thanh toan nintendo switch game ha noi,Giai_tri
hoa don con cung so sinh chi nhanh q1,Gia_dinh
phi ve vinpearl safari phu quoc chi nhanh q1,Du_lich
thanh toan nail luxury aeon mall,Lam_dep
order van phong pham thien long dat truoc,Hoc_tap
receipt ghtk phi van chuyen giao hang,Khac
sephora vietnam thang 5,Lam_dep
hoa don catsrang meo con,Thu_cung
mua sendo ha noi,Mua_sam
phi nail luxury giao hang,Lam_dep
mua phong kham da khoa online,Suc_khoe
hoa don dien may xanh vincom,Gia_dinh
mua bowling crescent mall quan 7,Giai_tri
du lich ha long vinh vincom,Du_lich
bill bigc hang gia dinh binh thanh,Gia_dinh
don hang ghtk phi van chuyen app,Khac
thanh toan phong kham thu y,Thu_cung
order resort vinpearl aeon mall,Du_lich
don hang steam mua game vincom,Giai_tri
thanh toan bac si thu y dat truoc,Thu_cung
order the gym group,Suc_khoe
receipt cellphones aeon mall,Mua_sam
phi haidilao hotpot ha noi,An_uong
hoa don in an photocopy tai lieu quan 3,Khac
order playstation store thang 5,Giai_tri
receipt mlb shoes,Mua_sam
bill the gioi di dong dat truoc,Mua_sam
phi ve vinpearl safari phu quoc thang 6,Du_lich
don hang rut tien atm quan 7,Khac
order cat toc barber king thang 6,Lam_dep
don hang xang petec online,Di_lai
don hang ding tea thang 5,An_uong
vincom plaza tp hcm,Mua_sam
order bac si thu y aeon mall,Thu_cung
thanh toan ve xe khach futa bus binh thanh,Di_lai
receipt trung tam ngoai ngu chi nhanh q1,Hoc_tap
mua disney plus chi nhanh q1,Giai_tri
hoa don circle k do an vat giao hang,An_uong
phi zalopay giao dich ha noi,Khac
van phong pham thien long,Hoc_tap
bill the bao hiem bao viet app,Suc_khoe
hoa don tien dien evn aeon mall,Gia_dinh
ohui my pham thang 6,Lam_dep
receipt buu dien ems aeon mall,Khac
hoa don khach san muong thanh chi nhanh q1,Du_lich
don hang canifa thoi trang tp hcm,Mua_sam
hoa don spa tam cho meo thang 5,Thu_cung
mua pet boarding dich vu ha noi,Thu_cung
mua dich vu giat say aeon mall,Khac
bill phong kham thu y thu duc,Thu_cung
order in an photocopy tai lieu thang 6,Khac
bill phong kham pet care aeon mall,Thu_cung
bill hoc tieng han topik quan 7,Hoc_tap
thanh toan phe la aeon mall,An_uong
kids plaza aeon mall,Gia_dinh
hoa don massage body thu gian binh thanh,Lam_dep
receipt thuc pham chuc nang dhc tp hcm,Suc_khoe
don hang benh vien fv giao hang,Suc_khoe
phi hoc tieng nhat jlpt giao hang,Hoc_tap
mua muji thang 5,Mua_sam
phi giat ui onsen online,Gia_dinh
order be car,Di_lai
do choi tre em kidzone aeon mall,Gia_dinh
don hang shopee thu duc,Mua_sam
mua ninja van thu duc,Khac
gas petrovietnam quan 7,Gia_dinh
hoa don massage body thu gian,Lam_dep
hoa don tiem vaccine vnvc aeon mall,Suc_khoe
hoa don agoda tour combo online,Du_lich
order phong kham thu y tp hcm,Thu_cung
thanh toan hoc phi tieu hoc thcs ha noi,Hoc_tap
mua bamboo airways tp hcm,Di_lai
phi booking com hotel,Du_lich
don hang zalopay giao dich tp hcm,Khac
bill skillshare app,Hoc_tap
thanh toan hasaki beauty online,Lam_dep
thanh toan petmart thu cung,Thu_cung
order sephora vietnam thang 6,Lam_dep
don hang phong kham thu y thu duc,Thu_cung
phi the men quan 7,Mua_sam
bill dich vu khoa tho sua app,Khac
phi airbnb dat phong quan 7,Du_lich
thanh toan ve may bay khu hoi chi nhanh q1,Du_lich
thanh toan wax long triet lau dai thu duc,Lam_dep
don hang benh vien cho ray thu duc,Suc_khoe
phi new balance quan 3,Mua_sam
bill spotify premium online,Giai_tri
don hang 3ce makeup vincom,Lam_dep
receipt british council ielts ha noi,Hoc_tap
receipt nike vietnam thang 5,Mua_sam
thanh toan rut tien atm quan 7,Khac
order rua xe o to thang 5,Di_lai
mua hoc phi mam non chi nhanh q1,Hoc_tap
phi do choi tre em kidzone tp hcm,Gia_dinh
vietnam airlines binh thanh,Di_lai
receipt xoi ga nguyen trai thu duc,An_uong
mua uon nhuom toc tai tiem tp hcm,Lam_dep
mua muji chi nhanh q1,Mua_sam
order thue o to tu lai dat truoc,Du_lich
california fitness yoga dat truoc,Suc_khoe
receipt thuc pham chuc nang dhc thang 5,Suc_khoe
mua edumall online thang 5,Hoc_tap
order petcity quan 7,Thu_cung
receipt bibo mart me be ha noi,Gia_dinh
bill xang petrolimex giao hang,Di_lai
bill hoc phi tieu hoc thcs thu duc,Hoc_tap
don hang h m chi nhanh q1,Mua_sam
thanh toan beta cinemas quan 3,Giai_tri
receipt phong mat dr khai thang 5,Suc_khoe
order billiard club snooker ha noi,Giai_tri
bill haidilao hotpot tp hcm,An_uong
receipt youtube premium thang 5,Giai_tri
hoa don yoga studio thang 6,Suc_khoe
vincom plaza vincom,Mua_sam
don hang quan com binh dan chi nhanh q1,An_uong
bill fpt shop quan 7,Mua_sam
thanh toan benh vien 115 binh thanh,Suc_khoe
phi vac xin cho meo vincom,Thu_cung
bill pedigree thuc an cho online,Thu_cung
order ikea noi that quan 7,Gia_dinh
thanh toan goviet xe om giao hang,Di_lai
bill petmart thu cung app,Thu_cung
thanh toan tiki tp hcm,Mua_sam
saigontourist thang 6,Du_lich
receipt vitamin tong hop tp hcm,Suc_khoe
receipt tiem vaccine vnvc aeon mall,Suc_khoe
receipt spa tam cho meo tp hcm,Thu_cung
hoa don zalopay giao dich tp hcm,Khac
receipt hoc tieng nhat jlpt thu duc,Hoc_tap
bill taxi g7 thu duc,Di_lai
mua tour hoi an da nang vincom,Du_lich
mua ghtk phi van chuyen,Khac
hoa don dien may xanh ha noi,Gia_dinh
bill nha khoa paris chi nhanh q1,Suc_khoe
hoc phi tieu hoc thcs thang 6,Hoc_tap
receipt playstation store thu duc,Giai_tri
hoa don goviet xe om thang 6,Di_lai
phi an khang,Suc_khoe
don hang nintendo switch game online,Giai_tri
order sieu am thai hong phat aeon mall,Suc_khoe
mua steam mua game binh thanh,Giai_tri
hoa don lazada chi nhanh q1,Mua_sam
phi ninja van vincom,Khac
uniqlo quan 7,Mua_sam
order thue xe may du lich aeon mall,Du_lich
receipt benh vien 115 giao hang,Suc_khoe
phi tien nuoc sawaco tp hcm,Gia_dinh
phi hair salon toni guy thang 6,Lam_dep
hoa don ve su kien le hoi quan 7,Giai_tri
order pedro shoes dat truoc,Mua_sam
thanh toan the gym group aeon mall,Suc_khoe
thanh toan homestay da lat giao hang,Du_lich
bill mac cosmetics vincom,Lam_dep
don hang muji quan 7,Mua_sam
thanh toan bhyt benh vien quan 3,Suc_khoe
thanh toan playstation store quan 3,Giai_tri
hoa don toeic edufit giao hang,Hoc_tap
bill bhyt benh vien giao hang,Suc_khoe
mua be car app,Di_lai
order board game cafe quan 3,Giai_tri
don hang dich vu khoa tho sua dat truoc,Khac
order noi that hoa phat tp hcm,Gia_dinh
bill lotte cinema,Giai_tri
thanh toan hoc vo taekwondo judo app,Hoc_tap
bill klook ve tham quan giao hang,Du_lich
receipt mediamart dat truoc,Gia_dinh
xoi ga nguyen trai quan 3,An_uong
don hang hoc phi mam non online,Hoc_tap
du lich ha long vinh ha noi,Du_lich
mua dien may xanh thang 6,Gia_dinh
massage body thu gian giao hang,Lam_dep
hoa don ghn giao hang nhanh tp hcm,Khac
bill steam mua game thang 6,Giai_tri
bill skillshare quan 3,Hoc_tap
hoa don thay dau nhot castrol quan 3,Di_lai
hoa don sach giao khoa dau nam,Hoc_tap
mua canifa thoi trang online,Mua_sam
receipt tour da lat 3 ngay thang 6,Du_lich
skillshare thang 6,Hoc_tap
mua ohui my pham giao hang,Lam_dep
taxi mai linh quan 3,Di_lai
mua vitamin tong hop vincom,Suc_khoe
don hang vac xin cho meo chi nhanh q1,Thu_cung
mua sendo tp hcm,Mua_sam
phi villa phu quoc bien vincom,Du_lich
mua dcine thu duc,Giai_tri
don hang edumall online app,Hoc_tap
hoa don tour hoi an da nang giao hang,Du_lich
don hang ielts fighter chi nhanh q1,Hoc_tap
hoa don mac cosmetics quan 3,Lam_dep
mua pho 24 thang 6,An_uong
don hang che khuc bach chi nhanh q1,An_uong
receipt bigc hang gia dinh thang 6,Gia_dinh
mua kichi kichi buffet binh thanh,An_uong
bill massage body thu gian dat truoc,Lam_dep
phi phi ngan hang atm quan 3,Khac
mua suoi tien ve tham quan,Giai_tri
thanh toan adidas app,Mua_sam
ve xe khach phuong trang aeon mall,Di_lai
hoa don gym fit24 quan 7,Suc_khoe
receipt whiskas thuc an meo dat truoc,Thu_cung
mua vng nap xu game thu duc,Giai_tri
mua xoi ga nguyen trai thu duc,An_uong
thanh toan sach giao khoa dau nam app,Hoc_tap
order noi that hoa phat quan 3,Gia_dinh
thanh toan circle k do an vat app,An_uong
receipt burger king quan 3,An_uong
buffet lau 88 thang 5,An_uong
karaoke phong vip giao hang,Giai_tri
order nha cao mong meo quan 7,Thu_cung
mua owen thoi trang nam app,Mua_sam
phi aeon mall mua sam,Mua_sam
jollibee thang 6,An_uong
mua hoc tieng nhat jlpt app,Hoc_tap
order dich vu ve sinh nha ha noi,Gia_dinh
mua yody dat truoc,Mua_sam
don hang van phong pham thien long chi nhanh q1,Hoc_tap
receipt kyna vn khoa hoc binh thanh,Hoc_tap
phi thay dau nhot castrol quan 7,Di_lai
order con cung so sinh dat truoc,Gia_dinh
phi mac cosmetics aeon mall,Lam_dep
bill homestay da lat binh thanh,Du_lich
dich vu khoa tho sua quan 7,Khac
don hang luyen thi dai hoc quan 7,Hoc_tap
hoa don hasaki beauty dat truoc,Lam_dep
mua khach san thu cung binh thanh,Thu_cung
order ghtk phi van chuyen binh thanh,Khac
mua khach san thu cung thang 5,Thu_cung
thanh toan xet nghiem mau diag quan 7,Suc_khoe
don hang karaoke queen giao hang,Giai_tri
don hang ve concert am nhac thu duc,Giai_tri
thanh toan petshop sai gon giao hang,Thu_cung
phi phong kham thu y giao hang,Thu_cung
order tiki vincom,Mua_sam
hoa don buu dien ems giao hang,Khac
bill vietnam airlines binh thanh,Di_lai
receipt baemin order quan 3,An_uong
mua vinpearl land ve vui choi,Giai_tri
receipt sephora vietnam chi nhanh q1,Lam_dep
thanh toan coursera subscription app,Hoc_tap
mua lotteria binh thanh,An_uong
mua edumall online,Hoc_tap
hoa don gong cha chi nhanh q1,An_uong
thanh toan levi s jeans aeon mall,Mua_sam
hoa don benh vien cho ray giao hang,Suc_khoe
don hang sephora vietnam thang 5,Lam_dep
nail salon quan 1 thang 6,Lam_dep
hoa don spa thu gian giao hang,Lam_dep
xang bp vincom,Di_lai
order suoi tien ve tham quan thang 5,Giai_tri
hoa don hair salon cao cap,Lam_dep
don hang phuc long coffee tea binh thanh,An_uong
mua oi bubble tea tp hcm,An_uong
mua cat toc nam tiem ha noi,Khac
bill uon nhuom toc tai tiem quan 7,Lam_dep
mua hoc lai xe o to b2 binh thanh,Hoc_tap
thanh toan the face shop thang 5,Lam_dep
mua ding tea giao hang,An_uong
don hang dcine online,Giai_tri
bill sua chua do gia dung quan 3,Gia_dinh
hoa don garena nap the aeon mall,Giai_tri
hoa don vng nap xu game thang 5,Giai_tri
mua uniqlo thang 6,Mua_sam
hoa don tiem vaccine vnvc thu duc,Suc_khoe
order sieu am thai hong phat tp hcm,Suc_khoe
receipt ghtk phi van chuyen vincom,Khac
galaxy cinema tp hcm,Giai_tri
bill gym fit24 giao hang,Suc_khoe
viettel post ship hang thang 6,Khac
phi internet fpt telecom giao hang,Gia_dinh
thanh toan ielts fighter binh thanh,Hoc_tap
don hang kyna vn khoa hoc ha noi,Hoc_tap
order highlands coffee online,An_uong
hoa don thue xe tu lai mioto app,Di_lai
phi mat kinh 365 dat truoc,Suc_khoe
thanh toan bai giu xe thang online,Di_lai
hoa don royal canin thuc an cho meo quan 3,Thu_cung
phi zalopay giao dich chi nhanh q1,Khac
don hang ve vinpearl safari phu quoc ha noi,Du_lich
phi phun xam tham my thu duc,Lam_dep
order tu thien dong gop giao hang,Khac
phi spa thu gian ha noi,Lam_dep
don hang xe om cong nghe quan 3,Di_lai
phi in an photocopy tai lieu thang 6,Khac
hair salon cao cap ha noi,Lam_dep
cuoc viettel thang binh thanh,Gia_dinh
order yoga studio quan 3,Suc_khoe
bill coursera subscription thang 6,Hoc_tap
hoa don internet fpt telecom app,Gia_dinh
phi be bike aeon mall,Di_lai
don hang netflix subscription thu duc,Giai_tri
don hang beauty spa 5 sao dat truoc,Lam_dep
phi nha khoa nu cuoi aeon mall,Suc_khoe
order aeon mall mua sam quan 7,Mua_sam
phi hoc phi tieu hoc thcs app,Hoc_tap
receipt ohui my pham thu duc,Lam_dep
hoa don du lich ha long vinh thu duc,Du_lich
receipt phu kien vong co cho meo ha noi,Thu_cung
bill vinpearl land ve vui choi thang 6,Giai_tri
order pharmacity vincom,Suc_khoe
order ve su kien le hoi giao hang,Giai_tri
don hang cat toc barber king tp hcm,Lam_dep
phi the face shop binh thanh,Lam_dep
bill bowling crescent mall thang 6,Giai_tri
hoa don do choi tre em kidzone aeon mall,Gia_dinh
thanh toan cat toc barber king binh thanh,Lam_dep
ve xe khach futa bus quan 3,Di_lai
receipt va lop xe may thang 5,Di_lai
don hang buu dien ems thu duc,Khac
receipt agoda hotel vincom,Du_lich
hoa don noi that hoa phat ha noi,Gia_dinh
bill pharmacity thang 5,Suc_khoe
hoa don vietravel tour tron goi thang 5,Du_lich
don hang h m ha noi,Mua_sam
hoa don grabcar aeon mall,Di_lai
don hang buffet lau 88 chi nhanh q1,An_uong
thanh toan taxi xanh sm ha noi,Di_lai
don hang karaoke phong vip giao hang,Giai_tri
receipt quan com binh dan tp hcm,An_uong
don hang trung tam anh ngu apollo ha noi,Hoc_tap
phi 7 eleven snack thang 6,An_uong
hoa don benh vien fv binh thanh,Suc_khoe
order canifa thoi trang binh thanh,Mua_sam
thanh toan the coffee house chi nhanh q1,An_uong
hoa don vietnam airlines giao hang,Di_lai
vnpay thanh toan thang 5,Khac
phi ikea noi that ha noi,Gia_dinh
thanh toan cuoc viettel thang vincom,Gia_dinh
thanh toan dich vu giat say vincom,Khac
order phong tap the hinh,Suc_khoe
hoa don yody aeon mall,Mua_sam
hoa don benh vien vinmec tp hcm,Suc_khoe
don hang dich vu khoa tho sua chi nhanh q1,Khac
phi lazada dat truoc,Mua_sam
order beauty spa 5 sao ha noi,Lam_dep
order booking com hotel app,Du_lich
thanh toan karaoke luxury online,Giai_tri
hoa don noi that dohome aeon mall,Gia_dinh
mua fpt shop ha noi,Mua_sam
bill hoc dan piano guitar chi nhanh q1,Hoc_tap
order taxi vinasun thang 6,Di_lai
thanh toan airbnb dat phong,Du_lich
don hang canifa thoi trang chi nhanh q1,Mua_sam
hoa don owen thoi trang nam binh thanh,Mua_sam
mua innisfree vietnam quan 7,Lam_dep
ohui my pham giao hang,Lam_dep
order taxi mai linh tp hcm,Di_lai
hoa don starbucks reserve chi nhanh q1,An_uong
bill muji thang 6,Mua_sam
order benh vien vinmec binh thanh,Suc_khoe
receipt sua dien thoai man hinh tp hcm,Khac
phi xang shell thu duc,Di_lai
don hang spotify premium thang 5,Giai_tri
bill in an photocopy tai lieu chi nhanh q1,Khac
bill resort vinpearl giao hang,Du_lich
thanh toan rut tien atm thang 5,Khac
hoa don board game cafe aeon mall,Giai_tri
receipt buu dien ems online,Khac
receipt mlb shoes thang 5,Mua_sam
order netflix subscription vincom,Giai_tri
bill yoga studio app,Suc_khoe
phi lazada quan 3,Mua_sam
hoa don petcity binh thanh,Thu_cung
order vietnam airlines quan 7,Di_lai
viettel post ship hang thang 5,Khac
thanh toan grab 2 banh tp hcm,Di_lai
bill kfc tp hcm,An_uong
receipt buu dien ems vincom,Khac
hoa don xang bp giao hang,Di_lai
don hang haidilao hotpot quan 7,An_uong
mua jollibee dat truoc,An_uong
thanh toan whiskas thuc an meo thang 5,Thu_cung
order phi ngan hang atm thu duc,Khac
vietjet air chi nhanh q1,Di_lai
thanh toan phun xam tham my,Lam_dep
hoa don taxi mai linh quan 3,Di_lai
order playstation store thang 6,Giai_tri
order udemy khoa hoc online online,Hoc_tap
order be express chi nhanh q1,Di_lai
order mcdonald s online,An_uong
hoa don dich vu khoa tho sua chi nhanh q1,Khac
hoa don bac si thu y quan 7,Thu_cung
phong kham da khoa thang 5,Suc_khoe
thanh toan hoc phi tieu hoc thcs chi nhanh q1,Hoc_tap
don hang mcdonald s aeon mall,An_uong
don hang dich vu ve sinh nha online,Gia_dinh
phi ve su kien le hoi vincom,Giai_tri
phi agoda hotel chi nhanh q1,Du_lich
bill petcity vincom,Thu_cung
new balance giao hang,Mua_sam
hoa don giat ui onsen app,Gia_dinh
order vnpay thanh toan binh thanh,Khac
don hang traveloka dat phong vincom,Du_lich
thanh toan pedro shoes,Mua_sam
phi dich vu giat say thang 5,Khac
thuc pham chuc nang dhc quan 3,Suc_khoe
hoa don nike vietnam vincom,Mua_sam
bill disney plus thang 5,Giai_tri
order nguyen kim tp hcm,Gia_dinh
mua agoda tour combo thang 6,Du_lich
order thue xe may du lich quan 3,Du_lich
thanh toan phun xam tham my quan 7,Lam_dep
phi pedigree thuc an cho aeon mall,Thu_cung
thanh toan ohui my pham online,Lam_dep
mua xang petrolimex ha noi,Di_lai
bill karaoke luxury chi nhanh q1,Giai_tri
hoa don do choi thu cung chi nhanh q1,Thu_cung
hoa don buffet lau 88 app,An_uong
bill california fitness yoga vincom,Suc_khoe
hoa don hoc dan piano guitar chi nhanh q1,Hoc_tap
order bibo mart me be online,Gia_dinh
mua vnpay thanh toan aeon mall,Khac
mua ve tau hoa se1 quan 3,Di_lai
mua noi that dohome thu duc,Gia_dinh
order bhyt benh vien tp hcm,Suc_khoe
hoa don lazada thang 5,Mua_sam
ve vinpearl safari phu quoc dat truoc,Du_lich
rut tien atm vincom,Khac
hoa don tour da lat 3 ngay aeon mall,Du_lich
order chewy boba thu duc,An_uong
phi beauty spa 5 sao dat truoc,Lam_dep
phi chewy boba thu duc,An_uong
hoa don vinpearl land ve vui choi binh thanh,Giai_tri
receipt nha thuoc long chau vincom,Suc_khoe
mua nail salon quan 1 chi nhanh q1,Lam_dep
thanh toan mac cosmetics binh thanh,Lam_dep
vinmart tap hoa app,Gia_dinh
order chuyen tien momo online,Khac
hoa don lotteria aeon mall,An_uong
mua tho sua dien nuoc app,Gia_dinh
receipt yoga studio vincom,Suc_khoe
thanh toan xe buyt brt quan 7,Di_lai
phi bobapop chi nhanh q1,An_uong
receipt an khang binh thanh,Suc_khoe
receipt hair salon toni guy ha noi,Lam_dep
order vietravel tour tron goi binh thanh,Du_lich
bill beauty spa 5 sao dat truoc,Lam_dep
receipt taxi g7 giao hang,Di_lai
phi edumall online thu duc,Hoc_tap
mua ve su kien le hoi thu duc,Giai_tri
thanh toan hoc phi tieu hoc thcs quan 7,Hoc_tap
phi tour da lat 3 ngay giao hang,Du_lich
don hang tiem vaccine vnvc thu duc,Suc_khoe
mua resort vinpearl thu duc,Du_lich
hoa don tho sua dien nuoc dat truoc,Gia_dinh
receipt ikea noi that vincom,Gia_dinh
phi nail salon quan 1 quan 3,Lam_dep
hoa don be express quan 7,Di_lai
bill routine skincare shop binh thanh,Mua_sam
phi toeic edufit quan 3,Hoc_tap
phi hoc dan piano guitar online,Hoc_tap
receipt vietnam airlines vincom,Di_lai
receipt pacific airlines quan 7,Di_lai
don hang ghn giao hang nhanh binh thanh,Khac
thanh toan ve may bay khu hoi tp hcm,Du_lich
hoa don watsons beauty,Lam_dep
receipt lotteria binh thanh,An_uong
hoa don phe la quan 3,An_uong
bill be car quan 3,Di_lai
thanh toan uon nhuom toc tai tiem ha noi,Lam_dep
phi vincom plaza vincom,Mua_sam
grabbike vincom,Di_lai
don hang ve metro so 1 tphcm vincom,Di_lai
mua california fitness yoga tp hcm,Suc_khoe
receipt pedigree thuc an cho giao hang,Thu_cung
bill nail salon quan 1 quan 7,Lam_dep
karaoke queen chi nhanh q1,Giai_tri
mua edumall online app,Hoc_tap
don hang phuc long coffee tea dat truoc,An_uong
mua cgv cinema quan 7,Giai_tri
thanh toan spa tam cho meo thang 6,Thu_cung
order tour phu quoc 4n3d,Du_lich
mua pedro shoes aeon mall,Mua_sam
hoa don adidas tp hcm,Mua_sam
thanh toan benh vien cho ray tp hcm,Suc_khoe
ve may bay khu hoi app,Du_lich
mua new balance app,Mua_sam
order zalopay giao dich app,Khac
thanh toan pedigree thuc an cho,Thu_cung
ve metro so 1 tphcm chi nhanh q1,Di_lai
order tho sua dien nuoc thang 6,Gia_dinh
order j t express quan 3,Khac
don hang xoi ga nguyen trai aeon mall,An_uong
receipt phong mat dr khai app,Suc_khoe
thanh toan nha cao mong meo quan 3,Thu_cung
hoc vo taekwondo judo dat truoc,Hoc_tap
thanh toan phong khach san 4 sao thang 6,Du_lich
mua grabfood dat do an thu duc,An_uong
don hang 3ce makeup tp hcm,Lam_dep
hoa don lotte cinema aeon mall,Giai_tri
don hang villa phu quoc bien app,Du_lich
order cheese coffee quan 3,An_uong
che khuc bach thu duc,An_uong
bill vincom plaza thang 6,Mua_sam
goviet xe om quan 7,Di_lai
thanh toan hoc dan piano guitar thang 5,Hoc_tap
don hang the gioi di dong online,Mua_sam
bill nail salon quan 1 thang 5,Lam_dep
mua phi ngan hang atm chi nhanh q1,Khac
mua pedro shoes quan 3,Mua_sam
thanh toan sephora vietnam vincom,Lam_dep
don hang tour hoi an da nang aeon mall,Du_lich
hoa don do choi tre em kidzone vincom,Gia_dinh
receipt bac si thu y thang 5,Thu_cung
receipt tho sua dien nuoc ha noi,Gia_dinh
don hang tiem phong safpo quan 7,Suc_khoe
thanh toan vitamin tong hop chi nhanh q1,Suc_khoe
mua beta cinemas thang 6,Giai_tri
order xet nghiem mau diag aeon mall,Suc_khoe
don hang sua xe yamaha giao hang,Di_lai
bill galaxy cinema,Giai_tri
phi xang petec binh thanh,Di_lai
bill sua dien thoai man hinh ha noi,Khac
bill airbnb dat phong online,Du_lich
phi va lop xe may,Di_lai
rua xe o to quan 7,Di_lai
khach san thu cung online,Thu_cung
ghn giao hang nhanh quan 7,Khac
order gym fit24 thang 6,Suc_khoe
ohui my pham thu duc,Lam_dep
bill tiki aeon mall,Mua_sam
hoa don ielts fighter thu duc,Hoc_tap
don hang suoi tien ve tham quan chi nhanh q1,Giai_tri
hoa don buu dien ems thu duc,Khac
bill wax long triet lau dai thang 5,Lam_dep
receipt taxi xanh sm thang 6,Di_lai
ve xe khach phuong trang thang 5,Di_lai
phi ielts fighter ha noi,Hoc_tap
hoa don thue xe may du lich giao hang,Du_lich
thanh toan j t express chi nhanh q1,Khac
bill ve metro so 1 tphcm,Di_lai
bill saigontourist app,Du_lich
receipt sua laptop may tinh binh thanh,Khac
order tiem nail ruby app,Lam_dep
phong kham columbia asia dat truoc,Suc_khoe
buu dien ems app,Khac
mua vietravel tour tron goi app,Du_lich
bill thay dau nhot castrol dat truoc,Di_lai
phi funix khoa hoc online app,Hoc_tap
don hang tiem phong safpo aeon mall,Suc_khoe
mua catsrang meo con binh thanh,Thu_cung
thanh toan pharmacity quan 3,Suc_khoe
mua nha thuoc long chau quan 7,Suc_khoe
mua vinmart tap hoa tp hcm,Gia_dinh
thanh toan sua dien thoai man hinh thang 6,Khac
phi shopee ha noi,Mua_sam
royal canin thuc an cho meo binh thanh,Thu_cung
hoa don phi chuyen khoan ngan hang,Khac
don hang disney plus chi nhanh q1,Giai_tri
phi viettel post ship hang binh thanh,Khac
bill hoc vo taekwondo judo thang 6,Hoc_tap
mua airbnb dat phong ha noi,Du_lich
mua aeon dat truoc,Gia_dinh
order van phong pham thien long online,Hoc_tap
thanh toan nike vietnam app,Mua_sam
order pacific airlines binh thanh,Di_lai
bill spa thu gian tp hcm,Lam_dep
bill pull bear aeon mall,Mua_sam
hoa don thue o to tu lai thang 5,Du_lich
bill the gym group thang 6,Suc_khoe
don hang phong tap the hinh thang 5,Suc_khoe
receipt haidilao hotpot ha noi,An_uong
receipt phu kien vong co cho meo giao hang,Thu_cung
receipt innisfree vietnam online,Lam_dep
bill agoda tour combo quan 7,Du_lich
phi j t express aeon mall,Khac
don hang kyna vn khoa hoc aeon mall,Hoc_tap
hoa don bac si thu y thang 5,Thu_cung
thanh toan tour da lat 3 ngay,Du_lich
bitis hunter online,Mua_sam
bill tien nuoc sawaco vincom,Gia_dinh
bill pedigree thuc an cho giao hang,Thu_cung
bill gia su toan ly hoa thang 6,Hoc_tap
hoa don the face shop vincom,Lam_dep
hoa don the gioi di dong binh thanh,Mua_sam
hoa don gia su toan ly hoa dat truoc,Hoc_tap
phun xam tham my ha noi,Lam_dep
receipt innisfree vietnam giao hang,Lam_dep
phi grabbike thu duc,Di_lai
hoa don ve xe khach hoang long thang 5,Di_lai
mua do choi tre em kidzone thang 6,Gia_dinh
bill vietjet air ha noi,Di_lai
thanh toan tour phu quoc 4n3d binh thanh,Du_lich
receipt aeon chi nhanh q1,Gia_dinh
thanh toan gas petrovietnam chi nhanh q1,Gia_dinh
mua van phong pham thien long aeon mall,Hoc_tap
bac si thu y,Thu_cung
bill phu kien vong co cho meo aeon mall,Thu_cung
mua xe om cong nghe thu duc,Di_lai
mua banh mi huynh hoa online,An_uong
receipt hoc phi tieu hoc thcs tp hcm,Hoc_tap
mua nail luxury online,Lam_dep
thanh toan com tam thuan kieu vincom,An_uong
phi phong mat dr khai giao hang,Suc_khoe
receipt bibo mart me be thu duc,Gia_dinh
thanh toan noi that dohome chi nhanh q1,Gia_dinh
bill agoda hotel app,Du_lich
order nguyen kim ha noi,Gia_dinh
order phu kien vong co cho meo app,Thu_cung
receipt hoc vo taekwondo judo thang 5,Hoc_tap
receipt coursera subscription thang 5,Hoc_tap
mua massage body thu gian quan 3,Lam_dep
mua petmart thu cung thang 5,Thu_cung
bitis hunter ha noi,Mua_sam
don hang agoda hotel aeon mall,Du_lich
order giat ui onsen thang 6,Gia_dinh
bill bao duong xe honda chi nhanh q1,Di_lai
thanh toan the face shop binh thanh,Lam_dep
routine skincare shop app,Mua_sam
bill phong mat dr khai ha noi,Suc_khoe
receipt du lich ha long vinh ha noi,Du_lich
hoa don do choi tre em kidzone dat truoc,Gia_dinh
order phong kham pet care dat truoc,Thu_cung
mua agoda tour combo aeon mall,Du_lich
order sieu thi co opmart giao hang,Gia_dinh
hoa don mat kinh 365 thang 5,Suc_khoe
phi the men aeon mall,Mua_sam
phi an khang quan 7,Suc_khoe
thanh toan hasaki beauty binh thanh,Lam_dep
bill benh vien cho ray online,Suc_khoe
order billiard club snooker,Giai_tri
thanh toan vincom plaza chi nhanh q1,Mua_sam
receipt khach san thu cung thang 5,Thu_cung
phi adidas tp hcm,Mua_sam
phi ve su kien le hoi thu duc,Giai_tri
hoa don giat ui onsen binh thanh,Gia_dinh
receipt jollibee dat truoc,An_uong
don hang noi that dohome binh thanh,Gia_dinh
thanh toan canifa thoi trang vincom,Mua_sam
thanh toan khach san muong thanh thang 6,Du_lich
spa tam cho meo app,Thu_cung
order agoda hotel,Du_lich
order phong khach san 4 sao tp hcm,Du_lich
receipt funix khoa hoc online app,Hoc_tap
receipt british council ielts thu duc,Hoc_tap
bill petcity thang 6,Thu_cung
thanh toan hoc phi mam non aeon mall,Hoc_tap
bill beta cinemas thang 6,Giai_tri
bill bhd star cineplex binh thanh,Giai_tri
innisfree vietnam quan 7,Lam_dep
don hang noi that dohome thang 6,Gia_dinh
thanh toan khach san thu cung binh thanh,Thu_cung
hoa don nike vietnam quan 3,Mua_sam
bill board game cafe app,Giai_tri
don hang j t express thang 6,Khac
phi karaoke luxury dat truoc,Giai_tri
receipt hoc phi tieu hoc thcs thu duc,Hoc_tap
phi guardian my pham ha noi,Lam_dep
hoa don phe la app,An_uong
hoa don nha sach fahasa ha noi,Hoc_tap
mua hoc tieng han topik thang 5,Hoc_tap
mua khach san muong thanh vincom,Du_lich
receipt xe buyt brt online,Di_lai
bill vac xin cho meo binh thanh,Thu_cung
tiem phong thu y dinh ky online,Thu_cung
hoa don trung tam ngoai ngu ha noi,Hoc_tap
billiard club snooker thang 5,Giai_tri
phi chuyen khoan ngan hang online,Khac
mua nha thuoc long chau vincom,Suc_khoe
hoa don giat ui onsen aeon mall,Gia_dinh
3ce makeup online,Lam_dep
winmart tp hcm,Gia_dinh
phi phe la dat truoc,An_uong
mua uniqlo binh thanh,Mua_sam
bill bigc hang gia dinh online,Gia_dinh
order nha sach fahasa ha noi,Hoc_tap
receipt bitis hunter dat truoc,Mua_sam
vietravel tour tron goi giao hang,Du_lich
bill spa tam cho meo ha noi,Thu_cung
hoa don thue xe may du lich binh thanh,Du_lich
don hang ve tau hoa se1 binh thanh,Di_lai
thanh toan phong kham columbia asia app,Suc_khoe
order california fitness yoga binh thanh,Suc_khoe
spa tam cho meo giao hang,Thu_cung
thanh toan phu kien vong co cho meo chi nhanh q1,Thu_cung
don hang rua xe o to aeon mall,Di_lai
ghn giao hang nhanh ha noi,Khac
don hang ghtk phi van chuyen thang 6,Khac
hoa don tocotoco aeon mall,An_uong
order ghtk phi van chuyen thang 5,Khac
ve tau hoa se1 online,Di_lai
receipt pizza 4p s dat truoc,An_uong
bill nail luxury binh thanh,Lam_dep
order villa phu quoc bien aeon mall,Du_lich
mua sieu thi co opmart online,Gia_dinh
hoa don ve xe khach hoang long quan 3,Di_lai
mua agoda hotel ha noi,Du_lich
phi be car aeon mall,Di_lai
hoa don pet boarding dich vu aeon mall,Thu_cung
mua do choi thu cung quan 3,Thu_cung
thanh toan phong kham pet care chi nhanh q1,Thu_cung
watsons beauty online,Lam_dep
spotify premium ha noi,Giai_tri
bill spa ohana online,Lam_dep
thanh toan mat kinh 365 aeon mall,Suc_khoe
hoa don the bao hiem bao viet quan 3,Suc_khoe
sua xe yamaha giao hang,Di_lai
bill goviet xe om online,Di_lai
ve cap treo ba na hills quan 3,Du_lich
don hang pedro shoes thang 5,Mua_sam
phi taxi vinasun app,Di_lai
bill karaoke phong vip online,Giai_tri
order nintendo switch game chi nhanh q1,Giai_tri
noi that dohome dat truoc,Gia_dinh
thanh toan dich vu dua don san bay dat truoc,Di_lai
phi beta cinemas chi nhanh q1,Giai_tri
bill phong tap the hinh app,Suc_khoe
hoa don nha khoa nu cuoi dat truoc,Suc_khoe
thanh toan j t express aeon mall,Khac
hoa don cat ve sinh meo bioline quan 7,Thu_cung
pizza 4p s binh thanh,An_uong
mua ninja van quan 7,Khac
mua tour da lat 3 ngay quan 7,Du_lich
hoa don ve xe khach hoang long thu duc,Di_lai
cat toc nam tiem ha noi,Khac
phi 3ce makeup online,Lam_dep
order the gioi di dong aeon mall,Mua_sam
order traveloka dat phong quan 3,Du_lich
thanh toan spa tam cho meo ha noi,Thu_cung
receipt lazada thu duc,Mua_sam
bill cat ve sinh meo bioline app,Thu_cung
bill 3ce makeup giao hang,Lam_dep
mua suoi tien ve tham quan binh thanh,Giai_tri
noi that hoa phat thu duc,Gia_dinh
don hang agoda hotel quan 7,Du_lich
phi katinat saigon aeon mall,An_uong
thanh toan do choi thu cung thang 6,Thu_cung
phi vietjet air dat truoc,Di_lai
thanh toan xang petec binh thanh,Di_lai
phi khach san thu cung,Thu_cung
order noi that dohome ha noi,Gia_dinh
thanh toan cat ve sinh meo bioline thang 6,Thu_cung
don hang cheese coffee online,An_uong
receipt trung nguyen legend vincom,An_uong
receipt phong tap the hinh giao hang,Suc_khoe
phong khach san 4 sao vincom,Du_lich
hoa don bobapop thang 6,An_uong
receipt bhyt benh vien chi nhanh q1,Suc_khoe
order phi chuyen khoan ngan hang aeon mall,Khac
phuc tea online,An_uong
receipt rut tien atm dat truoc,Khac
don hang buffet lau 88 tp hcm,An_uong
phi h m quan 7,Mua_sam
order viettel post ship hang binh thanh,Khac
mua buu dien ems chi nhanh q1,Khac
bill dcine giao hang,Giai_tri
thanh toan beauty spa 5 sao vincom,Lam_dep
order kyna vn khoa hoc,Hoc_tap
thanh toan pet boarding dich vu binh thanh,Thu_cung
agoda hotel giao hang,Du_lich
mua ikea noi that vincom,Gia_dinh
order hoc vo taekwondo judo online,Hoc_tap
hoa don bun dau mam tom ha noi,An_uong
phi coursera subscription thang 5,Hoc_tap
be bike app,Di_lai
thanh toan taxi g7 app,Di_lai
bill villa phu quoc bien chi nhanh q1,Du_lich
hoa don sua laptop may tinh thang 5,Khac
mua grabexpress chi nhanh q1,Di_lai
phi tien thue nha thang thang 5,Gia_dinh
receipt nike vietnam binh thanh,Mua_sam
order goviet xe om thang 5,Di_lai
order the alley app,An_uong
phi pull bear thu duc,Mua_sam
order dich vu khoa tho sua thang 5,Khac
hoa don adidas vincom,Mua_sam
mua trung tam ngoai ngu thang 5,Hoc_tap
don hang in an photocopy tai lieu thang 5,Khac
airbnb dat phong binh thanh,Du_lich
ninja van ha noi,Khac
hoa don do choi thu cung thang 5,Thu_cung
bill vietravel tour tron goi binh thanh,Du_lich
hoa don petcity vincom,Thu_cung
receipt luyen thi dai hoc thu duc,Hoc_tap
hoa don youtube premium online,Giai_tri
bill xang shell aeon mall,Di_lai
thanh toan dich vu giat say thang 6,Khac
hoa don nha khoa nu cuoi thu duc,Suc_khoe
mua thuc pham chuc nang dhc dat truoc,Suc_khoe
order sua chua do gia dung thu duc,Gia_dinh
thanh toan billiard club snooker chi nhanh q1,Giai_tri
bill nha khoa westcoast online,Suc_khoe
hoa don tocotoco vincom,An_uong
thanh toan zalopay giao dich aeon mall,Khac
mua sua chua do gia dung online,Gia_dinh
order spa thu gian aeon mall,Lam_dep
hoa don cat tia long thu cung binh thanh,Thu_cung
phi cheese coffee online,An_uong
thanh toan dich vu ve sinh nha thu duc,Gia_dinh
receipt mlb shoes quan 3,Mua_sam
mua villa phu quoc bien aeon mall,Du_lich
mua circle k do an vat chi nhanh q1,An_uong
cgv cinema online,Giai_tri
hoa don pedro shoes binh thanh,Mua_sam
mua vac xin cho meo ha noi,Thu_cung
receipt phong kham pet care tp hcm,Thu_cung
bill giat hap quan ao quan 7,Gia_dinh
phi moonton mobile legends online,Giai_tri
receipt escape room binh thanh,Giai_tri
ikea noi that giao hang,Gia_dinh
thanh toan buffet lau 88 thang 6,An_uong
mua petshop sai gon tp hcm,Thu_cung
receipt moonton mobile legends thang 5,Giai_tri
hoa don pedigree thuc an cho vincom,Thu_cung
hoa don viettel post ship hang quan 3,Khac
bitis hunter thu duc,Mua_sam
order khach san muong thanh app,Du_lich
khach san muong thanh online,Du_lich
suoi tien ve tham quan,Giai_tri
order phi quan ly chung cu online,Gia_dinh
don hang moonton mobile legends thang 6,Giai_tri
don hang oi bubble tea quan 7,An_uong
don hang nha khoa nu cuoi ha noi,Suc_khoe
bill phong kham da khoa thang 6,Suc_khoe
thanh toan nha cao mong meo chi nhanh q1,Thu_cung
7 eleven snack,An_uong
phi zalopay giao dich app,Khac
receipt gong cha aeon mall,An_uong
grabbike binh thanh,Di_lai
order gym fit24 online,Suc_khoe
receipt vng nap xu game tp hcm,Giai_tri
thanh toan aeon mall mua sam tp hcm,Mua_sam
hoa don ve tau hoa se1 app,Di_lai
don hang toan tu duy mathnasium quan 3,Hoc_tap
hoa don ve may bay khu hoi online,Du_lich
thanh toan com tam thuan kieu thu duc,An_uong
dich vu giat say aeon mall,Khac
mixue ice cream app,An_uong
phi agoda tour combo chi nhanh q1,Du_lich
mua giat ui onsen,Gia_dinh
don hang the gym group app,Suc_khoe
order spotify premium quan 7,Giai_tri
mua xang shell chi nhanh q1,Di_lai
mua bhyt benh vien aeon mall,Suc_khoe
mua cellphones vincom,Mua_sam
hoa don h m binh thanh,Mua_sam
mua banh mi phuong thu duc,An_uong
order hoc tieng nhat jlpt vincom,Hoc_tap
thanh toan nha sach fahasa thang 5,Hoc_tap
hoa don bun dau mam tom chi nhanh q1,An_uong
hoa don j t express binh thanh,Khac
do choi thu cung dat truoc,Thu_cung
mua petcity chi nhanh q1,Thu_cung
hoc tieng han topik aeon mall,Hoc_tap
phi aeon thang 5,Gia_dinh
order nail luxury giao hang,Lam_dep
mua board game cafe giao hang,Giai_tri
toeic edufit online,Hoc_tap
hoa don phong tap the hinh chi nhanh q1,Suc_khoe
mua dich vu khoa tho sua tp hcm,Khac
hoa don phi ngan hang atm vincom,Khac
hoa don hoc phi tieu hoc thcs online,Hoc_tap
thanh toan tocotoco quan 3,An_uong
hoa don the men thu duc,Mua_sam
phi ve xe khach futa bus,Di_lai
bill phong kham thu y ha noi,Thu_cung
thanh toan bhd star cineplex dat truoc,Giai_tri
phi vac xin cho meo binh thanh,Thu_cung
mua vac xin cho meo binh thanh,Thu_cung
thanh toan viettel post ship hang thu duc,Khac
bill vietjet air quan 3,Di_lai
karaoke queen quan 3,Giai_tri
thanh toan nha cao mong meo tp hcm,Thu_cung
bill cat toc barber king,Lam_dep
mua ve xe khach hoang long vincom,Di_lai
thanh toan ve gui xe may app,Di_lai
don hang trung nguyen legend tp hcm,An_uong
receipt karaoke phong vip chi nhanh q1,Giai_tri
receipt hair salon cao cap aeon mall,Lam_dep
receipt toeic edufit,Hoc_tap
mua vnpay thanh toan vincom,Khac
order bowling crescent mall binh thanh,Giai_tri
order coursera subscription thang 5,Hoc_tap
receipt an khang aeon mall,Suc_khoe
mua uon nhuom toc tai tiem quan 7,Lam_dep
mua sendo dat truoc,Mua_sam
khach san thu cung binh thanh,Thu_cung
order spa tam cho meo binh thanh,Thu_cung
thanh toan xe buyt brt quan 3,Di_lai
bamboo airways chi nhanh q1,Di_lai
order internet fpt telecom vincom,Gia_dinh
receipt xe buyt brt chi nhanh q1,Di_lai
order british council ielts thang 6,Hoc_tap
phi quan com binh dan app,An_uong
bill tour da lat 3 ngay thang 5,Du_lich
bill trung tam anh ngu apollo thang 6,Hoc_tap
phi spa thu gian thang 5,Lam_dep
hoa don hoc phi dai hoc hoc ky thu duc,Hoc_tap
mua spa ohana dat truoc,Lam_dep
thanh toan petcity chi nhanh q1,Thu_cung
order trung tam anh ngu apollo,Hoc_tap
mua spa ohana quan 3,Lam_dep
mua airbnb dat phong online,Du_lich
bill trung tam anh ngu apollo quan 3,Hoc_tap
mua dien may xanh giao hang,Gia_dinh
phi nintendo switch game aeon mall,Giai_tri
don hang bao duong xe honda online,Di_lai
thanh toan ikea noi that quan 7,Gia_dinh
phi toan tu duy mathnasium app,Hoc_tap
thanh toan bibo mart me be giao hang,Gia_dinh
mua pull bear thu duc,Mua_sam
phi phun xam tham my app,Lam_dep
thanh toan pizza hut aeon mall,An_uong
hoa don ding tea ha noi,An_uong
bill khach san muong thanh quan 3,Du_lich
order homestay da lat giao hang,Du_lich
mua nail salon quan 1 tp hcm,Lam_dep
phi xang petrolimex app,Di_lai
ninja van thang 5,Khac
don hang coursera subscription quan 3,Hoc_tap
don hang lop hoc boi quan 3,Hoc_tap
receipt ve xe khach phuong trang thu duc,Di_lai
receipt villa phu quoc bien,Du_lich
receipt nike vietnam thang 6,Mua_sam
in an photocopy tai lieu dat truoc,Khac
thanh toan xet nghiem mau diag thang 5,Suc_khoe
lop hoc boi thang 6,Hoc_tap
don hang disney plus tp hcm,Giai_tri
phi shopeefood giao hang thu duc,An_uong
hoa don suoi tien ve tham quan quan 7,Giai_tri
receipt agoda hotel thang 5,Du_lich
receipt sieu thi co opmart quan 7,Gia_dinh
don hang thue xe may du lich quan 3,Du_lich
xoi ga nguyen trai dat truoc,An_uong
hoa don familymart banh mi vincom,An_uong
don hang nguyen kim thu duc,Gia_dinh
receipt ding tea chi nhanh q1,An_uong
receipt hoc tieng han topik thang 6,Hoc_tap
receipt garena nap the aeon mall,Giai_tri
bill hoc vo taekwondo judo thang 5,Hoc_tap
bill beta cinemas online,Giai_tri
hoa don ve xe khach hoang long giao hang,Di_lai
xoi ga nguyen trai online,An_uong
receipt phong kham pet care thang 6,Thu_cung
mua vincom plaza giao hang,Mua_sam
thanh toan phi chuyen khoan ngan hang,Khac
hoa don starbucks reserve ha noi,An_uong
hoa don resort vinpearl dat truoc,Du_lich
petmart thu cung thu duc,Thu_cung
thanh toan dich vu khoa tho sua app,Khac
mua ve gui xe may app,Di_lai
bill thue xe may du lich giao hang,Du_lich
bill khach san thu cung binh thanh,Thu_cung
bill phong kham da khoa binh thanh,Suc_khoe
mua playstation store thang 6,Giai_tri
bhyt benh vien aeon mall,Suc_khoe
thanh toan thuc pham chuc nang dhc aeon mall,Suc_khoe
grabexpress tp hcm,Di_lai
phi nail salon quan 1 app,Lam_dep
hoa don grabexpress giao hang,Di_lai
don hang garena nap the online,Giai_tri
phi bhd star cineplex quan 3,Giai_tri
phi tho sua dien nuoc vincom,Gia_dinh
hoa don sieu thi co opmart chi nhanh q1,Gia_dinh
phi dich vu ve sinh nha,Gia_dinh
phi bhd star cineplex binh thanh,Giai_tri
thanh toan thuc pham chuc nang dhc chi nhanh q1,Suc_khoe
receipt phong kham columbia asia online,Suc_khoe
phi hoc phi mam non ha noi,Hoc_tap
mua tien thue nha thang,Gia_dinh
don hang facial cham soc da thang 5,Lam_dep
phi hair salon toni guy giao hang,Lam_dep
thanh toan pedigree thuc an cho ha noi,Thu_cung
phi ninja van giao hang,Khac
bill airbnb dat phong vincom,Du_lich
receipt routine skincare shop thu duc,Mua_sam
thanh toan agoda hotel thang 5,Du_lich
goviet xe om quan 3,Di_lai
phi vnpay thanh toan online,Khac
mua burger king tp hcm,An_uong
don hang dich vu khoa tho sua ha noi,Khac
order cheese coffee,An_uong
phi mcdonald s aeon mall,An_uong
don hang phi ngan hang atm giao hang,Khac
phi tien li xi qua tang sinh nhat quan 7,Khac
hoa don new balance vincom,Mua_sam
receipt wax long triet lau dai aeon mall,Lam_dep
receipt nha khoa westcoast thu duc,Suc_khoe
order du lich ha long vinh online,Du_lich
receipt apple music thang 5,Giai_tri
mua khach san thu cung quan 3,Thu_cung
bill tour hoi an da nang online,Du_lich
be express dat truoc,Di_lai
receipt tho sua dien nuoc thang 6,Gia_dinh
burger king app,An_uong
order charles keith thang 5,Mua_sam
phi guardian my pham thang 6,Lam_dep
hoa don villa phu quoc bien binh thanh,Du_lich
order nha sach fahasa dat truoc,Hoc_tap
receipt vietjet air ha noi,Di_lai
hoa don quan com binh dan online,An_uong
phi hoc dan piano guitar dat truoc,Hoc_tap
billiard club snooker app,Giai_tri
order phu kien vong co cho meo quan 7,Thu_cung
don hang new balance quan 7,Mua_sam
nike vietnam thang 5,Mua_sam
mua be express thu duc,Di_lai
hoa don nguyen kim vincom,Gia_dinh
don hang ielts fighter thang 5,Hoc_tap
phi mixue ice cream chi nhanh q1,An_uong
receipt board game cafe tp hcm,Giai_tri
bill codegym lap trinh thu duc,Hoc_tap
phi be express ha noi,Di_lai
thanh toan hoc vo taekwondo judo quan 7,Hoc_tap
bill decathlon the thao,Mua_sam
order uniqlo thang 5,Mua_sam
order lotteria app,An_uong
hoa don phong kham columbia asia quan 7,Suc_khoe
order mixue ice cream quan 3,An_uong
order phong khach san 4 sao aeon mall,Du_lich
thanh toan noi that dohome thang 6,Gia_dinh
order ninja van binh thanh,Khac
don hang saigontourist app,Du_lich
order phun xam tham my thang 6,Lam_dep
receipt lotte mart quan 7,Gia_dinh
order luyen thi dai hoc aeon mall,Hoc_tap
mua taxi mai linh vincom,Di_lai
mua tien dien evn ha noi,Gia_dinh
thanh toan ielts fighter dat truoc,Hoc_tap
bill sephora vietnam app,Lam_dep
mua xang petec thang 6,Di_lai
thanh toan decathlon the thao app,Mua_sam
order vinmart tap hoa tp hcm,Gia_dinh
luyen thi dai hoc thu duc,Hoc_tap
bill ve vinpearl safari phu quoc,Du_lich
order chewy boba online,An_uong
the coffee house dat truoc,An_uong
receipt van phong pham thien long ha noi,Hoc_tap
mua hasaki beauty binh thanh,Lam_dep
thanh toan lotte cinema chi nhanh q1,Giai_tri
xang petrolimex online,Di_lai
order sieu thi co opmart quan 3,Gia_dinh
order sephora vietnam thu duc,Lam_dep
